participant_id,task_type,item,case_type,attempt_number,query_mode,dtw_distance,smoothness_score,accuracy_score,direction_score,pause_count,avg_speed,speed_cv,duration_ms,stroke_count,total_distance,motor_score,score_version
RS03,shape,zigzag,,1,initial_assessment,,87,100,100,0,0.31410317811759314,0.931695061040006,1242,,390.1161472220507,97,v1
RS03,shape,horizontal_line,,1,initial_assessment,,94,0,100,0,0.421415414634427,0.8179678340128576,474,,199.7509065367184,64,v1
RS03,shape,half_circle,,1,initial_assessment,,94,89,100,0,0.580149437035137,0.8868798002232935,865,,501.8292630353935,93,v1
RS03,shape,horizontal_line,,1,initial_assessment,,97,90,100,0,0.49242276807667473,0.5418162791554779,719,,354.05197024712913,96,v1
RS03,shape,full_circle,,1,initial_assessment,,90,48,100,0,0.40803716254875805,0.8293196504345102,1368,,558.194838366701,79,v1
RS03,shape,curve_wave,,1,initial_assessment,,90,100,100,0,0.7474016779095336,1.4266411656583091,637,,476.0948688283729,93,v1
RS03,shape,horizontal_line,,1,initial_assessment,,95,70,100,0,0.517631480663637,0.6115310066866938,674,1,348.88361796729134,88,v1
RS03,shape,vertical_line,,1,initial_assessment,,93,83,100,0,0.47554058834832474,0.6255328019620979,528,1,251.08543064791547,92,v1
RS02,shape,vertical_line,,1,initial_assessment,,93,94,100,0,0.10842654763072818,1.1590978363267568,2746,1,297.73929979397957,96,v1
RS03,shape,full_circle,,1,initial_assessment,,91,20,100,0,0.2927865813299509,0.6834139748578789,729,1,213.4414177895342,70,v1
RS03,shape,half_circle,,1,initial_assessment,,90,5,100,0,0.3790550028713302,1.2556321372517454,818,,310.0669923487481,64,v1
RS03,shape,half_circle,,1,initial_assessment,,93,0,100,0,0.33000509928758925,0.5743181720147972,623,1,205.5931768561681,63,v1
RS03,shape,zigzag,,1,initial_assessment,5.279401525128365,87,,100,0,0.27708725730396744,0.5280263287709537,1183,1,327.7942253905935,93,v1
RS03,shape,vertical_line,,1,initial_assessment,,95,2,100,0,0.3249480256669864,0.8486640075073857,706,,229.4133061208924,64,v1
RS03,shape,zigzag,,1,initial_assessment,16.88226247719115,86,,100,0,0.4043440816800898,1.0120067275043079,1661,,671.6155196706292,83,v1
RS03,shape,curve_wave,,1,initial_assessment,4.668094446522714,90,,100,0,0.3779753024495478,0.5611755771056668,800,1,302.3802419596382,94,v1
RS03,shape,vertical_line,,1,initial_assessment,,96,86,100,0,0.38122524439700733,1.061324079283171,225,,85.77567998932665,94,v1
RS03,shape,half_circle,,1,initial_assessment,,89,39,100,0,0.7975994201207212,0.6158456082731172,487,1,388.4309175987912,70,v1
RS03,shape,curve_wave,,1,initial_assessment,29.109065221101982,83,,100,0,0.8154158191065463,0.44851906389270113,581,1,473.75659090090335,72,v1
RS03,shape,full_circle,,1,initial_assessment,,92,83,100,0,0.48345054685012034,0.9399708635589303,1486,,718.4075126192788,92,v1
RS03,shape,half_circle,,1,initial_assessment,,94,90,100,0,0.34282603185016036,0.9942022748140934,1367,1,468.6431855391692,95,v1
RS03,shape,curve_wave,,1,initial_assessment,4.84077766225271,87,,100,0,0.2610464875711352,0.5270567665674725,1567,1,409.0598460239689,94,v1
RS03,shape,horizontal_line,,1,initial_assessment,,92,0,100,0,0.7513883104349575,0.7630059455670052,327,1,245.7039775122311,58,v1
RS03,shape,vertical_line,,1,initial_assessment,,92,9,100,0,0.8418561087697132,1.142920206921842,243,1,204.5710344310403,59,v1
RS03,shape,full_circle,,1,initial_assessment,,93,0,100,0,0.6359299508764306,0.9562961509112895,236,1,150.0794684068376,61,v1
RS03,shape,curve_wave,,1,initial_assessment,,92,100,100,0,0.49920105645021173,1.3668635944529643,887,,442.7913370713378,98,v1
RS03,shape,half_circle,,1,initial_assessment,,95,0,100,0,0.8125391608150132,1.7791091152479102,264,1,214.5103384551635,57,v1
RS02,shape,curve_wave,,1,initial_assessment,1.2918373546050637,85,,97,0,0.22608405499392686,0.8260722154320268,1774,2,401.0731135592263,95,v1
RS04,shape,horizontal_line,,1,initial_assessment,,93,97,100,0,0.11052907370637576,0.8149967738984298,3603,1,398.23625256407183,97,v1
RS03,shape,zigzag,,1,initial_assessment,7.373570207802931,93,,100,0,0.8276596536711643,0.7974813645059682,274,1,226.77874510589902,86,v1
RS03,shape,vertical_line,,1,initial_assessment,,98,0,100,0,0.4773889262495891,0.47464105493722586,71,,33.89461376372083,65,v1
RS03,shape,curve_wave,,1,initial_assessment,6.066881609858255,78,,80,0,0.85049264899721,0.9895159426318522,291,1,247.4933608581881,80,v1
RS03,shape,horizontal_line,,1,initial_assessment,,96,69,100,0,1.285073694157104,0.7896101539124627,318,1,408.6534347419591,78,v1
RS03,shape,full_circle,,1,initial_assessment,,82,74,100,0,1.3161259357088404,0.5020141151663712,465,1,611.9985601046108,76,v1
RS03,shape,half_circle,,1,initial_assessment,,90,57,100,0,0.8069583629352848,0.5915063396922232,505,1,407.51397328231883,76,v1
RS03,shape,full_circle,,1,initial_assessment,,92,80,100,0,0.624218850373785,0.5589987740342637,1142,,712.8579271268625,89,v1
RS03,shape,vertical_line,,1,initial_assessment,,93,79,100,0,0.8746800798142289,0.9132030752494744,374,1,327.1303498505216,83,v1
RS03,shape,full_circle,,1,initial_assessment,,79,40,100,0,0.9665903397432861,0.5072261657073744,589,1,569.3217101087955,64,v1
RS03,shape,half_circle,,1,initial_assessment,,87,39,100,0,0.8894354065160448,0.7097368221192363,380,1,337.985454476097,68,v1
RS03,shape,horizontal_line,,1,initial_assessment,,92,0,100,0,0.7513883104349575,0.7630059455670052,327,1,245.7039775122311,58,v1
RS03,shape,vertical_line,,1,initial_assessment,,98,98,100,0,0.04056932642105467,1.0623227399864803,7678,1,311.4912882608578,97,v1
RS03,shape,half_circle,,1,initial_assessment,,94,91,100,0,0.4457423416947482,0.980718197089132,1108,,493.882514597781,95,v1
RS03,shape,vertical_line,,1,initial_assessment,,94,96,100,0,0.33927917764636645,0.5917983742478906,902,,306.02981823702254,97,v1
RS03,shape,vertical_line,,1,initial_assessment,,92,9,100,0,0.8418561087697132,1.142920206921842,243,1,204.5710344310403,59,v1
RS03,shape,full_circle,,1,initial_assessment,,93,0,100,0,0.6359299508764306,0.9562961509112895,236,1,150.0794684068376,61,v1
RS03,shape,half_circle,,1,initial_assessment,,91,50,100,0,0.4094421329215048,0.5375853870198576,1092,,447.1108091502832,80,v1
RS03,shape,zigzag,,1,initial_assessment,23.62351792613771,85,,100,0,0.41784505011177175,0.609820332415024,1091,,455.86894967194297,78,v1
RS03,shape,half_circle,,1,initial_assessment,,95,0,100,0,0.8125391608150132,1.7791091152479102,264,1,214.5103384551635,57,v1
RS03,shape,curve_wave,,1,initial_assessment,7.928561573124055,89,,100,0,0.47555606219789726,0.44909243361751383,856,,407.07598924140007,91,v1
RS03,shape,full_circle,,1,initial_assessment,,89,49,100,0,0.5544353825563394,0.5236151473295126,1117,,619.3043223154311,78,v1
RS03,shape,zigzag,,1,initial_assessment,7.373570207802931,93,,100,0,0.8276596536711643,0.7974813645059682,274,1,226.77874510589902,86,v1
RS03,shape,curve_wave,,1,initial_assessment,6.066881609858255,78,,80,0,0.85049264899721,0.9895159426318522,291,1,247.4933608581881,80,v1
RS03,shape,full_circle,,1,initial_assessment,,82,94,100,0,0.05887970208552778,0.8250611876035235,13162,1,774.9746388497166,93,v1
RS03,shape,curve_wave,,1,initial_assessment,9.539316187097144,88,,100,0,0.34825858261321685,0.4900827669930794,1300,,452.7361573971819,90,v1
RS03,shape,curve_wave,,1,initial_assessment,23.41536323918314,86,,95,0,5.484781927110296,1.4163873340528572,404,4,2215.8518985525598,68,v1
RS03,shape,vertical_line,,1,initial_assessment,,93,96,100,0,0.5548160713778674,0.7704890710743715,540,1,299.6006785440484,96,v1
RS03,shape,half_circle,,1,initial_assessment,,84,95,100,0,0.06881721512097294,0.8922442529555163,7166,1,493.14416355689207,94,v1
RS01,shape,horizontal_line,,1,initial_assessment,,99,86,100,0,0.33624162564218574,0.7754000543053323,1165,4,391.7214938731464,95,v1
RS06,shape,horizontal_line,,1,initial_assessment,,85,98,98,0,0.0854437617197467,1.1123341557455189,4904,4,419.0162074736378,95,v1
RS01,shape,vertical_line,,1,initial_assessment,,90,77,100,0,0.10936012600421083,0.8746745608403854,2676,1,292.6476971872682,89,v1
RS06,shape,full_circle,,1,initial_assessment,,85,97,98,0,0.05035348293908128,0.8206953215318503,15521,1,781.5364086974806,95,v1
RS03,shape,full_circle,,1,initial_assessment,,84,32,100,0,0.712083817586395,0.3882166278460634,715,1,509.13992957427246,68,v1
RS03,shape,zigzag,,1,initial_assessment,35.757317870215005,84,,100,0,0.5970060941099699,1.2868663264740923,574,1,342.6814980191227,73,v1
RS01,shape,full_circle,,1,initial_assessment,,92,73,100,0,0.1731265453926879,0.6318512632494856,3764,1,651.6483168580772,89,v1
RS01,shape,half_circle,,1,initial_assessment,,91,64,100,0,0.14803665301946145,0.8059640642884908,2748,1,406.8047224974801,85,v1
RS05,shape,curve_wave,,1,initial_assessment,4.113497987078528,85,,96,0,0.14774216875221888,0.9788057358247365,2965,1,438.055530350329,93,v1
RS01,shape,zigzag,,1,initial_assessment,10.503831137681964,84,,97,0,1.516943859611915,6.950011163324454,876,2,1328.8428210200375,78,v1
RS07,shape,vertical_line,,1,initial_assessment,,85,89,100,0,0.08765836104248825,0.7827567499154314,3862,1,338.5365903460896,92,v1
RS03,shape,horizontal_line,,1,initial_assessment,,98,89,100,0,0.9637199325058677,0.703736180626644,405,,390.30657266487646,86,v1
RS07,shape,curve_wave,,1,initial_assessment,8.177637794690337,88,,99,0,0.13129258641168326,0.8454985030965282,4519,2,593.3111979943966,91,v1
RS01,shape,curve_wave,,1,initial_assessment,3.525784685224114,94,,100,0,0.2008821227180411,0.7273944306081621,1866,1,374.8460409918647,96,v1
RS03,shape,full_circle,,1,initial_assessment,,93,96,100,0,0.38079793882859064,0.5856795117542452,2044,1,778.3509869656393,97,v1
RS03,shape,vertical_line,,1,initial_assessment,,98,52,100,0,0.49830189239380396,2.8523465174669935,606,,301.9709467906452,83,v1
RS03,shape,curve_wave,,1,initial_assessment,,92,100,100,0,0.47749389797987335,0.6571565381048824,683,,326.1283323202535,98,v1
RS03,shape,zigzag,,1,initial_assessment,,87,100,100,0,0.38242437763023907,0.8002940361842489,1253,,479.17774517068955,97,v1
RS04,shape,horizontal_line,,1,initial_assessment,,91,62,100,0,0.10960778099599179,0.6703724897422503,3793,1,415.74231331779686,84,v1
RS04,shape,vertical_line,,1,initial_assessment,,93,84,100,0,0.08557783655503061,0.8907083674619846,3548,1,303.6301640972486,93,v1
RS03,shape,zigzag,,1,initial_assessment,,87,100,100,0,0.5011178555204701,0.853086130170061,1077,,539.7039303955463,97,v1
RS03,shape,horizontal_line,,1,initial_assessment,,93,48,100,0,0.558175031632947,0.646404683409929,735,,410.2586482502161,79,v1
RS03,shape,full_circle,,1,initial_assessment,,89,83,100,0,0.8057095494219692,0.4385391017826111,961,,774.2868769945123,85,v1
RS04,shape,full_circle,,1,initial_assessment,,91,82,100,0,0.2133953158685444,0.8080712548612329,3287,1,701.4304032599055,91,v1
RS04,shape,half_circle,,1,initial_assessment,,83,49,100,0,0.10692423710509037,0.5304907807640525,3553,1,379.9018144343861,78,v1
RS03,shape,horizontal_line,,1,initial_assessment,,99,88,100,0,0.3207695212397908,0.8488843089712255,1246,,399.6788234647793,96,v1
RS03,shape,half_circle,,1,initial_assessment,,91,0,100,0,0.46863608436112286,0.5290419350713297,658,,308.36254350961883,63,v1
RS03,shape,horizontal_line,,1,initial_assessment,,92,92,100,0,0.6998595232161182,0.7127154022509854,564,1,394.7207710938907,91,v1
RS04,shape,zigzag,,1,initial_assessment,2.651907117447554,80,,100,0,0.11635968293847708,0.6757355073687384,4133,1,480.91456958472577,93,v1
RS04,shape,curve_wave,,1,initial_assessment,3.405819325869138,88,,100,0,0.1377469105281161,0.8644437262552944,2740,1,377.4265348470381,94,v1
RS03,shape,horizontal_line,,1,initial_assessment,,85,0,100,0,0.47106290616018254,2.063197640298484,324,1,152.62438159589914,61,v1
RS03,shape,vertical_line,,1,initial_assessment,,85,0,100,0,0.5163818422086405,0.6276038180928952,281,1,145.10329766062796,61,v1
RS03,shape,zigzag,,1,initial_assessment,8.85537171558601,85,,100,0,0.32136667347234804,0.8182196105131475,1632,1,524.470411106872,91,v1
RS01,shape,half_circle,,1,initial_assessment,,82,88,97,0,0.09143120991946639,1.0308964789264612,5888,2,538.3469640058181,91,v1
RS01,shape,zigzag,,1,initial_assessment,2.099930976572693,83,,98,0,0.08662914902806956,1.061789940015252,7143,1,618.7920115075009,94,v1
RS01,shape,curve_wave,,1,initial_assessment,2.739050776953987,88,,99,0,0.09016506652499152,0.9567629433651329,5116,1,461.28448034185664,95,v1
RS03,shape,horizontal_line,,1,initial_assessment,,86,94,86,0,0.79632934293047,0.8059725933331396,375,1,298.6235035989262,86,v1
RS07,shape,horizontal_line,,1,initial_assessment,,99,0,100,0,0.37819501981267184,0.9071090462632057,229,1,86.60665953710185,65,v1
RS07,shape,vertical_line,,1,initial_assessment,,82,0,100,0,0.4511377325374716,0.6206887514993442,270,1,121.80718778511732,61,v1
RS07,shape,full_circle,,1,initial_assessment,,93,89,100,0,0.4431981075098936,0.8817341927963982,1796,1,795.9838010877688,94,v1
RS07,shape,half_circle,,1,initial_assessment,,93,93,100,0,0.3458568241297169,1.3530830504094693,1374,1,475.20727635423106,96,v1
RS03,shape,curve_wave,,1,initial_assessment,2.8703714942773857,85,,97,0,1.2740600452374904,1.3182495730098924,452,3,575.8751404473456,84,v1
RS07,shape,zigzag,,1,initial_assessment,1.7226126082205304,86,,100,0,0.3289584238974106,0.608419447590103,1666,1,548.044734213086,95,v1
RS02,shape,zigzag,,1,initial_assessment,2.9076586261189115,86,,97,0,0.2159902969426826,0.9374697682774218,3354,2,724.4314559457574,94,v1
RS03,shape,horizontal_line,,1,initial_assessment,,95,96,100,0,0.05480394312588404,0.5800230806798347,7834,1,429.3340904481756,97,v1
RS07,shape,curve_wave,,1,initial_assessment,1.2035656643539574,91,,100,0,0.28834504446284,1.3925133445760116,1400,1,403.68306224797595,97,v1
RS04,shape,curve_wave,,1,initial_assessment,1.9016776226973962,85,,100,0,0.21865599017979845,0.8333055151297529,1935,1,423.09934099791,95,v1
RS06,shape,zigzag,,1,initial_assessment,1.3605752277322845,81,,98,0,0.06941575424139818,0.6883457614155151,9198,1,638.4861075123804,94,v1
RS07,shape,half_circle,,1,initial_assessment,,80,90,93,0,0.11088845002457112,0.829543080331824,4736,2,525.1676993163688,90,v1
RS05,shape,horizontal_line,,1,initial_assessment,,88,85,100,0,0.126384623162567,0.7101376246354776,5060,1,639.506193202589,92,v1
RS05,shape,zigzag,,1,initial_assessment,3.4874717551490146,84,,98,0,0.17015440410113494,0.6601763411082175,3817,2,649.4793604540321,93,v1
RS07,shape,full_circle,,1,initial_assessment,,90,87,100,0,0.10837402163153191,0.9510754352505268,7448,1,807.1697131116497,93,v1
RS01,shape,horizontal_line,,1,initial_assessment,,85,94,99,0,0.09194899679564546,0.877944847523107,4508,3,414.5060775547697,94,v1
RS01,shape,vertical_line,,1,initial_assessment,,90,96,100,0,0.07325409767525437,0.5964478929795546,4221,1,309.2055462872487,96,v1
RS01,shape,full_circle,,1,initial_assessment,,82,89,96,0,0.4375026279928463,0.8173368940654424,2186,5,956.380744792362,91,v1
RS03,shape,vertical_line,,1,initial_assessment,,88,0,100,0,1.5061107367793423,0.5196895845879549,178,1,268.08771114672294,52,v1
RS03,shape,zigzag,,1,initial_assessment,10.07080485276852,92,,100,0,1.0243279171013833,0.5735026000762695,325,1,332.9065730579496,80,v1
RS03,shape,curve_wave,,1,initial_assessment,2.664308157457358,86,,100,0,0.9741831626445374,0.43977512493402315,410,1,399.41509668426033,85,v1
RS03,shape,zigzag,,1,initial_assessment,5.091642706953555,82,,100,0,0.7183106818911271,0.5096805598990396,483,1,346.9440593534144,87,v1
RS03,shape,curve_wave,,1,initial_assessment,5.2591331083614055,91,,100,0,1.066966759665247,0.9377882537242557,264,1,281.6792245516252,84,v1
RS02,shape,horizontal_line,,1,initial_assessment,,93,98,100,0,0.15148680160272612,0.9798020254219948,2614,1,395.9864993895261,98,v1
RS02,shape,full_circle,,1,initial_assessment,,93,95,100,0,0.16164809929823154,0.6786368798773446,4547,1,735.0139075090588,97,v1
RS02,shape,half_circle,,1,initial_assessment,,89,90,100,0,0.1409362501659132,0.527520260132593,3422,2,482.28384806775506,94,v1
RS03,shape,zigzag,,1,initial_assessment,1.7205023236552024,83,,100,0,0.10707656391394656,1.1119704423660326,5893,1,631.0021911448871,94,v1
RS04,shape,vertical_line,,1,initial_assessment,,90,96,96,0,0.19246253814742942,0.9784403713694529,1500,1,288.69380722114414,96,v1
RS04,shape,full_circle,,1,initial_assessment,,89,85,98,0,0.2924378922287279,0.7478577997566213,2353,1,688.1063604141967,92,v1
RS04,shape,half_circle,,1,initial_assessment,,89,98,100,0,0.15858754811080697,1.0013143338329442,3029,1,480.3616832276343,97,v1
RS04,shape,zigzag,,1,initial_assessment,1.8266313694744767,83,,96,0,0.18177479450906966,1.1672789847100702,3335,1,606.2189396877474,94,v1
RS06,shape,vertical_line,,1,initial_assessment,,84,98,98,0,0.3673075126025983,0.658719652560768,842,3,309.2729256113878,95,v1
RS06,shape,half_circle,,1,initial_assessment,,80,98,98,0,0.05051419865894376,1.8657115082333742,16000,2,808.2271785431001,94,v1
RS06,shape,curve_wave,,1,initial_assessment,1.2156316833151306,85,,98,0,0.05161311864369375,1.0387141893945417,8059,1,415.95012314952794,95,v1
RS07,shape,horizontal_line,,1,initial_assessment,,87,85,100,0,0.11333100992080886,1.1844693842331449,5010,1,567.7883597032524,92,v1
RS05,shape,vertical_line,,1,initial_assessment,,88,98,94,0,0.13709997433685028,1.0924894773236538,1957,1,268.304649777216,95,v1
RS05,shape,full_circle,,1,initial_assessment,,91,90,100,0,0.16714530029172697,0.5228983436211001,4503,1,752.6552872136466,94,v1
RS05,shape,half_circle,,1,initial_assessment,,82,89,94,0,0.23236079057444126,0.7124409061088864,2119,1,492.372515227241,91,v1
RS07,shape,zigzag,,1,initial_assessment,3.3202843830384077,87,,100,0,0.09431395853413103,0.755723892424042,7306,1,689.0577810503613,94,v1
RS02,shape,horizontal_line,,1,initial_assessment,2.3592673931625434,97,88,100,0,0.3958711385709527,0.7075249483747486,967,1,382.80739099811126,95,v1
RS02,shape,vertical_line,,1,initial_assessment,4.67063393997925,93,64,100,0,0.3993274354924621,0.8119345327015762,810,4,323.4552227488943,86,v1
RS02,shape,full_circle,,1,initial_assessment,25.1896316908783,89,32,100,0,0.21334997417961232,0.7464392843604225,1732,1,369.52215527908857,73,v1
RS02,shape,half_circle,,1,initial_assessment,15.480200708362753,95,0,100,0,0.21501994367753094,0.5579513755382366,1170,1,251.57333410271121,64,v1
RS02,shape,zigzag,,1,initial_assessment,5.93587158243373,93,,100,0,0.22845419011446413,0.8479512749695649,1608,1,367.3543377040583,94,v1
RS02,shape,curve_wave,,1,initial_assessment,5.552701832841139,94,,100,0,0.246051853980302,0.6908355369650034,1570,1,386.30141074907414,94,v1
RS03,letter,l,lowercase,3,attempt_3_proxy,198.4720156779023,87,,100,0,0.2706277127278896,0.7711041877370569,220,1,59.53809680013571,62,v1
RS03,letter,l,lowercase,3,attempt_3_proxy,128.07899256955582,91,,100,0,0.26694810740587765,1.4329525925310207,504,1,134.54184613256234,63,v1
RS03,letter,l,lowercase,3,attempt_3_proxy,60.906871674116935,95,,100,0,0.26134401371303845,0.6779773693800485,303,1,79.18723615505066,64,v1
RS04,letter,h,lowercase,3,attempt_3_proxy,2.6740518304772025,87,,96,0,0.5453460525394638,0.8415436819259634,846,2,461.3627604483863,93,v1
RS03,letter,o,lowercase,3,attempt_3_proxy,13.329456251247905,86,,100,0,0.5352348516075233,0.5937945356345298,621,1,332.3808428482719,85,v1
RS03,letter,O,uppercase,3,attempt_3_proxy,7.718361501459948,92,,100,0,0.46270913029567257,0.9393980401376708,1399,1,647.3300732836459,92,v1
RS04,letter,L,uppercase,3,attempt_3_proxy,2.8441779152394107,90,,97,0,0.17097274583146957,1.5471556425351172,2026,1,346.39078305455735,94,v1
RS04,letter,O,uppercase,3,attempt_3_proxy,8.070176574027954,91,,100,0,0.3410879819925082,0.7746706165552978,2389,1,814.8591889801022,91,v1
RS03,letter,O,uppercase,3,attempt_3_proxy,7.718361501459948,92,,100,0,0.46270913029567257,0.9393980401376708,1399,1,647.3300732836459,92,v1
RS03,letter,l,lowercase,3,attempt_3_proxy,,100,,,0,,,0,0,,100,v1
RS03,letter,O,uppercase,3,attempt_3_proxy,7.718361501459948,92,,100,0,0.46270913029567257,0.9393980401376708,1399,1,647.3300732836459,92,v1
RS04,letter,C,uppercase,3,attempt_3_proxy,7.695334816827068,89,,100,0,0.4254305341220752,0.4447838555278635,1571,1,668.3513691057801,90,v1
RS04,letter,S,uppercase,3,attempt_3_proxy,5.068812252605539,86,,97,0,0.3095544309976342,1.2646249490969523,1906,1,590.0107454814907,91,v1
RS03,letter,L,uppercase,3,attempt_3_proxy,12.310573954822091,91,,100,0,0.6543966453897234,1.225718902128199,462,1,302.3312501700522,85,v1
RS03,letter,O,uppercase,3,attempt_3_proxy,7.718361501459948,92,,100,0,0.46270913029567257,0.9393980401376708,1399,1,647.3300732836459,92,v1
RS06,letter,l,lowercase,3,attempt_3_proxy,17.073373101289643,94,,98,1,0.06908385396701554,0.42526086074862235,6327,1,437.0935440493073,80,v1
RS03,letter,t,lowercase,3,attempt_3_proxy,6.277337320927728,97,,100,0,0.46993114249591295,0.8301183033702377,605,2,284.3083412100273,94,v1
RS03,letter,o,lowercase,3,attempt_3_proxy,6.249400752876767,92,,100,0,0.3976380066361497,0.8960153303662525,1000,1,397.63800663614967,93,v1
RS06,letter,t,lowercase,3,attempt_3_proxy,1.8777612734023241,93,,93,0,0.4212778227440217,1.463873619179782,786,2,331.12436867680105,95,v1
RS03,letter,u,lowercase,3,attempt_3_proxy,10.04767333603401,85,,91,0,0.3092224983962041,0.5206799496099793,1116,1,345.09230821016376,87,v1
RS03,letter,i,lowercase,3,attempt_3_proxy,24.957716440821688,95,,100,0,1.3196879592726007,0.9232980391655873,78,2,102.93566082326286,70,v1
RS03,letter,k,lowercase,3,attempt_3_proxy,16.380292887186275,84,,88,0,0.8492288123517476,0.7200399378004572,439,3,372.81144862241723,75,v1
RS03,letter,m,lowercase,3,attempt_3_proxy,112.55694632795034,88,,95,0,0.31936313691423857,0.5257199489087105,1814,1,579.3247303624288,61,v1
RS03,letter,l,lowercase,3,attempt_3_proxy,110.25677245796305,88,,100,0,0.17015482568533496,1.3517392908604593,375,1,63.808059632000614,62,v1
RS06,letter,a,lowercase,3,attempt_3_proxy,5.2254291033060465,88,,98,0,0.07810709596170169,0.5738755613354521,6267,1,489.4971703919845,92,v1
RS03,letter,l,lowercase,3,attempt_3_proxy,47.33702929491795,96,,100,0,0.4040289400604784,0.7276650191207008,719,1,290.49680790348395,64,v1
RS06,letter,k,lowercase,3,attempt_3_proxy,28.04663092407884,87,,94,0,0.557753808788009,0.8548139312022652,1020,2,568.9088849637691,71,v1
RS03,letter,x,lowercase,3,attempt_3_proxy,34.945569836659814,83,,93,0,0.7914839460250356,0.7062416116592692,365,2,288.891640299138,62,v1
RS03,letter,l,lowercase,3,attempt_3_proxy,5.487265056048926,98,,100,0,0.2943136673029063,0.8258932324356908,416,1,122.43448559800903,95,v1
RS03,letter,l,lowercase,3,attempt_3_proxy,4.267610698678114,96,,100,0,0.4960659557006527,0.6351727862112566,393,1,194.95392059035652,96,v1
RS03,letter,l,lowercase,3,attempt_3_proxy,14.114917928955197,95,,100,0,0.3514548478192297,0.9999768933166681,552,1,194.0030759962148,88,v1
RS06,letter,h,lowercase,3,attempt_3_proxy,34.87963896262367,93,,98,1,0.12895555827620697,0.5723838451791536,4187,1,539.9369225024786,64,v1
RS03,letter,l,lowercase,3,attempt_3_proxy,8.935008383100511,87,,100,0,0.3493609384922403,0.7345364339129058,544,1,190.05235053977873,90,v1
RS06,letter,L,uppercase,3,attempt_3_proxy,2.12223977261271,95,,100,0,0.09527119632202918,0.5683708058014939,3701,1,352.59869758783003,97,v1
RS01,letter,l,lowercase,3,attempt_3_proxy,1.932106342544379,87,,90,0,0.09469708498780965,0.5148125680231865,2424,1,229.5457340104506,93,v1
RS01,letter,o,lowercase,3,attempt_3_proxy,3.6194145056598974,86,,100,0,0.07369389726174788,0.44800172403466604,5409,1,398.61029028879426,93,v1
RS01,letter,c,lowercase,3,attempt_3_proxy,18.690665436536502,83,,92,1,0.11511623415158007,4.7079251474763755,6014,1,692.3090321876025,74,v1
RS03,letter,l,lowercase,3,attempt_3_proxy,7.955449345369554,93,,100,0,0.2874753878178239,0.7564616414657896,578,1,166.1607741587022,92,v1
RS01,letter,b,lowercase,3,attempt_3_proxy,3.6538609467650067,86,,97,0,0.18286704540814475,0.42192099072308464,2926,2,535.0689748642316,92,v1
RS03,letter,i,lowercase,3,attempt_3_proxy,2.590371163773745,92,,100,0,0.17351903648184797,0.950319660847192,427,1,74.09262857774908,96,v1
RS01,letter,L,uppercase,3,attempt_3_proxy,2.1489071883526583,90,,98,0,0.07987223330113448,0.8001400207912923,4550,1,363.4186615201619,95,v1
RS03,letter,t,lowercase,3,attempt_3_proxy,19.563066894857837,93,,100,0,1.140846262051006,0.7965581773999216,231,2,263.5354865337824,73,v1
RS03,letter,o,lowercase,3,attempt_3_proxy,23.88700529795512,89,,100,0,0.5560935598358078,0.4608577284061641,733,1,407.61657935964706,78,v1
RS01,letter,I,uppercase,3,attempt_3_proxy,7.101778779402659,80,,90,0,0.23757163216899718,0.7485326092665973,2012,3,477.99412392402235,87,v1
RS06,letter,S,uppercase,3,attempt_3_proxy,3.8822131147622096,89,,100,0,0.14015733253277926,1.1520182228913791,4397,1,616.2717911466304,93,v1
RS01,letter,O,uppercase,3,attempt_3_proxy,2.781557876944118,84,,95,0,0.11415998330573121,0.544771499434402,6233,1,711.5591759446227,92,v1
RS03,letter,c,lowercase,3,attempt_3_proxy,20.773950228262294,91,,100,0,0.3061797391259357,0.4945892023381523,850,1,260.25277825704535,82,v1
RS03,letter,e,lowercase,3,attempt_3_proxy,13.822447505919989,88,,100,0,0.6532096722125899,1.172524085788989,806,1,526.4869958033474,83,v1
RS01,letter,K,uppercase,3,attempt_3_proxy,2.4798964812492255,89,,95,0,0.4074739900420596,0.5830574492201015,1375,3,560.2767363078319,94,v1
RS03,letter,l,lowercase,3,attempt_3_proxy,32.674650993839826,98,,100,0,0.7480948339723633,0.9385716665852685,112,1,83.7866214049047,69,v1
RS03,letter,i,lowercase,3,attempt_3_proxy,4.466833244395331,97,,100,0,0.5756219972500077,0.8251872780822445,117,1,67.3477736782509,94,v1
RS01,letter,l,lowercase,3,attempt_3_proxy,2.2450888940647804,98,,100,0,0.5315073612699999,0.8129416190835413,405,1,215.26048131434993,98,v1
RS01,letter,i,lowercase,3,attempt_3_proxy,3.2460770679971267,81,,89,0,0.6944882028064915,0.7000785629990643,154,2,106.95118323219968,90,v1
RS01,letter,t,lowercase,3,attempt_3_proxy,4.823601183768455,85,,85,0,0.6401173568665913,1.010612355184512,350,2,224.04107490330696,89,v1
RS03,letter,t,lowercase,3,attempt_3_proxy,24.198011965646128,88,,91,0,0.9559981732388011,1.1431074652693531,227,2,217.01158532520785,68,v1
RS03,letter,o,lowercase,3,attempt_3_proxy,11.96062110284234,85,,100,0,0.5633298059721896,0.7027991863464369,623,1,350.95446912067416,86,v1
RS03,letter,c,lowercase,3,attempt_3_proxy,11.340600378029139,91,,100,0,0.24150720013081728,0.3698896872981408,1105,1,266.8654561445531,88,v1
RS03,letter,c,lowercase,3,attempt_3_proxy,23.13795410203908,82,,100,0,0.4725227281256063,0.8572389302817435,437,1,206.49243219088996,78,v1
RS05,letter,o,lowercase,3,attempt_3_proxy,5.973695622547313,87,,97,0,0.15479782898722652,0.522314716794545,2530,1,391.6385073376831,91,v1
RS05,letter,c,lowercase,3,attempt_3_proxy,6.937243447861047,83,,100,0,0.13438807891386628,1.329722489426809,2440,2,327.90691254983375,89,v1
RS03,letter,s,lowercase,3,attempt_3_proxy,7.13221514733866,90,,100,0,0.30486335861953634,0.41131315092927706,937,1,285.6569670265055,91,v1
RS05,letter,s,lowercase,3,attempt_3_proxy,5.462731599849699,86,,98,0,0.09417433055248632,0.7747097795862445,3461,1,325.93735804215515,91,v1
RS03,letter,T,uppercase,3,attempt_3_proxy,19.982071241512003,85,,100,0,1.1171807541304397,1.0818112985452504,337,2,376.4899141419582,71,v1
RS03,letter,F,uppercase,3,attempt_3_proxy,26.353313718488906,87,,100,0,4.09916444265831,1.2632681190400339,105,3,430.4122664791226,66,v1
RS05,letter,a,lowercase,3,attempt_3_proxy,7.549433682292027,84,,93,0,0.13828775617354988,0.5828224369847134,3307,1,457.31760966592947,88,v1
RS03,letter,o,lowercase,3,attempt_3_proxy,4.06858693975217,90,,100,0,0.3858573223531161,0.4882028511058783,874,1,337.2392997366235,94,v1
RS03,letter,E,uppercase,3,attempt_3_proxy,26.714796054340542,80,,94,0,3.274329405755779,1.0485069892889247,177,4,579.5563048187729,63,v1
RS03,letter,u,lowercase,3,attempt_3_proxy,3.8777176049753126,86,,94,0,0.38081889933811996,0.6418041413912692,909,1,346.164379498351,92,v1
RS03,letter,H,uppercase,3,attempt_3_proxy,55.00266229642167,89,,100,0,1.6472083589540072,1.2688798387097109,334,3,550.1675918906384,52,v1
RS03,letter,s,lowercase,3,attempt_3_proxy,5.425676582222631,90,,100,0,0.258643246002474,0.5587701978378233,1087,1,281.14520840468924,93,v1
RS03,letter,l,lowercase,3,attempt_3_proxy,1.9079285462707583,94,,100,0,0.3874853325155394,0.613900552882111,517,1,200.32991691053388,97,v1
RS03,letter,i,lowercase,3,attempt_3_proxy,28.970584869384748,95,,100,0,0.28220796028077155,0.7485631176658676,285,1,80.42926868001989,74,v1
RS05,letter,I,uppercase,3,attempt_3_proxy,2.8710783884671964,81,,91,0,0.4681586875765691,0.6056291955922651,1066,3,499.0571609566226,91,v1
RS03,letter,c,lowercase,3,attempt_3_proxy,9.691489726155861,89,,100,0,0.3736938885466334,2.312332644500647,632,1,236.1745375614723,90,v1
RS03,letter,L,uppercase,3,attempt_3_proxy,18.63288507162411,86,,92,0,0.5260058544192051,2.257648094146352,566,1,297.7193136012701,80,v1
RS03,letter,T,uppercase,3,attempt_3_proxy,74.99663298500991,80,,100,0,1.4874256421822265,1.141110241776055,255,2,379.29353875646774,50,v1
RS03,letter,T,uppercase,3,attempt_3_proxy,19.420465636831423,90,,100,0,0.9668298353264344,1.089542144121967,396,2,382.86461478926805,73,v1
RS05,letter,T,uppercase,3,attempt_3_proxy,35.17626393386447,78,,90,0,0.20695613002647387,0.6066526791070117,2033,3,420.7418123438214,62,v1
RS03,letter,F,uppercase,3,attempt_3_proxy,26.438567221066087,80,,95,0,1.2599901631868808,1.1882161449946236,354,3,446.0365177681558,64,v1
RS03,letter,F,uppercase,3,attempt_3_proxy,26.981029195733235,89,,95,0,0.9811322822741303,1.2890394269660863,387,3,379.6981932400884,66,v1
RS03,letter,l,lowercase,3,attempt_3_proxy,2.053994295930478,98,,100,0,0.2607091081161812,0.5300513529348957,829,1,216.12785062831423,98,v1
RS04,letter,i,lowercase,3,attempt_3_proxy,47.555009791790226,76,,100,0,0.5202762631990685,0.6534120114446991,275,1,143.07597237974383,59,v1
RS03,letter,O,uppercase,3,attempt_3_proxy,7.718361501459948,92,,100,0,0.46270913029567257,0.9393980401376708,1399,1,647.3300732836459,92,v1
RS05,letter,K,uppercase,3,attempt_3_proxy,3.221914995201807,84,,94,0,0.45047671930975924,0.756238238557292,1346,3,606.341664190936,92,v1
RS03,letter,O,uppercase,3,attempt_3_proxy,7.718361501459948,92,,100,0,0.46270913029567257,0.9393980401376708,1399,1,647.3300732836459,92,v1
RS03,letter,O,uppercase,3,attempt_3_proxy,7.718361501459948,92,,100,0,0.46270913029567257,0.9393980401376708,1399,1,647.3300732836459,92,v1
RS03,letter,O,uppercase,3,attempt_3_proxy,7.718361501459948,92,,100,0,0.46270913029567257,0.9393980401376708,1399,1,647.3300732836459,92,v1
RS03,letter,O,uppercase,3,attempt_3_proxy,7.718361501459948,92,,100,0,0.46270913029567257,0.9393980401376708,1399,1,647.3300732836459,92,v1
RS03,letter,O,uppercase,3,attempt_3_proxy,12.666347985158353,90,,100,0,0.7342216638681077,0.9895637237684157,929,1,682.0919257334721,83,v1
RS03,letter,t,lowercase,3,attempt_3_proxy,93.06869701841052,81,,93,0,0.7738040901339549,0.9944407586819625,237,2,183.39156936174732,54,v1
RS03,letter,t,lowercase,3,attempt_3_proxy,16.998050974909532,88,,95,0,0.964725518389227,0.8924106941777484,323,2,311.6063424397203,74,v1
RS03,letter,i,lowercase,3,attempt_3_proxy,19.103546769959408,90,,92,0,1.2904283288759002,1.2426272667126295,96,2,123.88111957208642,72,v1
RS03,letter,i,lowercase,3,attempt_3_proxy,104.51862666966025,80,,89,0,1.5779512916456961,0.9433761136849983,63,2,99.41093137367886,48,v1
RS03,letter,l,lowercase,3,attempt_3_proxy,4.735170101899249,96,,100,0,0.550445187330339,0.7998325440092726,364,1,200.3620481882434,94,v1
RS03,letter,l,lowercase,3,attempt_3_proxy,4.735170101899249,96,,100,0,0.550445187330339,0.7998325440092726,364,1,200.3620481882434,94,v1
RS03,letter,l,lowercase,3,attempt_3_proxy,9.88900629212298,95,,100,0,0.36212681970728483,1.4858104950406428,565,1,204.60165313461593,91,v1
RS03,letter,l,lowercase,3,attempt_3_proxy,95.12002156903368,78,,81,0,0.5695744081803552,0.6314591687819117,293,1,166.88530159684407,55,v1
RS03,letter,l,lowercase,3,attempt_3_proxy,13.559963880357248,94,,100,0,0.48734868185177654,0.7076078605458103,327,1,159.36301896553093,88,v1
RS05,letter,B,uppercase,3,attempt_3_proxy,26.869862094002453,86,,100,0,0.31492393310381267,0.6625336729736752,2656,2,836.4379663237264,73,v1
RS03,letter,l,lowercase,3,attempt_3_proxy,28.980776200174493,97,,100,0,0.48720447618777707,0.5052114981481379,335,1,163.21349952290532,77,v1
RS03,letter,o,lowercase,3,attempt_3_proxy,266.97557181552986,93,,100,0,0.42059353585111775,1.0712849511793183,737,1,309.9774359222738,63,v1
RS03,letter,t,lowercase,3,attempt_3_proxy,17.47254219381292,86,,89,0,0.7823313912353864,0.6218716063988559,319,2,249.56371380408828,76,v1
RS03,letter,o,lowercase,3,attempt_3_proxy,14.054530291345193,90,,100,0,0.487047779768882,0.47145152340053,762,1,371.1304081838881,87,v1
RS03,letter,e,lowercase,3,attempt_3_proxy,11.254102438104038,90,,100,0,0.39682774143765065,0.5839115273900062,976,1,387.303875643147,89,v1
RS02,letter,i,lowercase,3,attempt_3_proxy,4.088338925984905,74,,88,0,0.20602135823003337,0.46939773611164565,761,2,156.7822536130554,87,v1
RS03,letter,s,lowercase,3,attempt_3_proxy,7.609324723443919,87,,100,0,0.33002360726615326,0.4942972224461919,929,1,306.59193115025636,91,v1
RS02,letter,s,lowercase,3,attempt_3_proxy,4.404800515101381,90,,100,0,0.14532317895461577,0.4287454913751102,2197,1,319.2750241632908,93,v1
RS02,letter,a,lowercase,3,attempt_3_proxy,4.5613081237308295,89,,97,0,0.13598553024304383,0.4502371037034841,3466,1,471.3258478223899,93,v1
RS07,letter,l,lowercase,3,attempt_3_proxy,2.8357413003339613,85,,94,0,0.05769908777305589,0.5204729620758204,3902,1,225.1418404904641,93,v1
RS02,letter,S,uppercase,3,attempt_3_proxy,3.9114601412372885,91,,100,0,0.1524731943319912,1.367213868708737,3615,1,551.1905975101481,94,v1
RS03,letter,l,lowercase,3,attempt_3_proxy,46.07955672807135,94,,100,0,0.48234115057473004,0.5426941082374412,215,1,103.70334737356696,64,v1
RS02,letter,h,lowercase,3,attempt_3_proxy,36.25143200268102,91,,97,0,0.12913006862228268,0.920015121736299,3743,1,483.33384685320414,66,v1
RS07,letter,s,lowercase,3,attempt_3_proxy,8.793054076905204,87,,100,0,0.06996867308976494,0.9398126150292856,4871,1,340.81740662024504,89,v1
RS07,letter,b,lowercase,3,attempt_3_proxy,24.97568430031196,87,,99,0,0.10229516856288708,1.2575217797202818,5518,2,564.4647401300109,74,v1
RS01,letter,i,lowercase,3,attempt_3_proxy,2.9662893790552456,67,,81,0,0.18677049971622317,0.4560201956140302,1053,2,196.669336201183,85,v1
RS07,letter,I,uppercase,3,attempt_3_proxy,25.797398669455372,83,,92,0,0.5056119092636621,0.45979887661218977,1021,4,516.229759358199,72,v1
RS07,letter,L,uppercase,3,attempt_3_proxy,5.565011944236495,89,,98,0,0.0978301209880443,1.063884152241993,3949,1,386.33114778178697,92,v1
RS03,letter,o,lowercase,3,attempt_3_proxy,2.3070757342783628,83,,98,0,0.053182752028370014,0.3443992783377385,6922,1,368.13100954037725,93,v1
RS07,letter,T,uppercase,3,attempt_3_proxy,10.2506901639794,86,,96,0,0.2532696267247166,0.3872507282839436,1951,2,494.1290417399221,86,v1
RS07,letter,C,uppercase,3,attempt_3_proxy,2.1672683397529773,90,,100,0,0.1416974629058755,0.7116011994249014,3687,1,522.438545733963,95,v1
RS07,letter,S,uppercase,3,attempt_3_proxy,3.4858875696296097,88,,100,0,0.10345036794539456,1.1029124677796946,5421,1,560.8044446319839,94,v1
RS03,letter,S,uppercase,3,attempt_3_proxy,1.7735238392385901,88,,100,0,0.14467104681596935,0.6883237227088711,3771,1,545.5545175430204,95,v1
RS01,letter,s,lowercase,3,attempt_3_proxy,3.5084668539348915,82,,98,1,0.06806609327076316,0.43368552155595,4591,1,312.4914342060737,88,v1
RS07,letter,A,uppercase,3,attempt_3_proxy,28.688051210724723,88,,97,0,0.5827706627416127,0.6573837024661993,1103,2,642.7960410039988,71,v1
RS01,letter,k,lowercase,3,attempt_3_proxy,19.89187796828562,78,,89,0,0.142851742680315,0.5549372823587513,3653,4,521.8374160111907,75,v1
RS07,letter,H,uppercase,3,attempt_3_proxy,9.08630900072353,86,,97,0,0.30551564311197194,0.44617332205070936,2024,3,618.3636616586311,88,v1
RS04,letter,o,lowercase,3,attempt_3_proxy,9.892774029101647,89,,100,0,0.36019011062981104,0.43351324256064394,1031,1,371.3560040593352,88,v1
RS03,letter,l,lowercase,3,attempt_3_proxy,54.343504962636096,92,,100,0,0.32174438090729074,0.6478962841658197,318,1,102.31471312851845,63,v1
RS04,letter,s,lowercase,3,attempt_3_proxy,5.2677273490733345,87,,98,0,0.09971219728650114,0.39584612574918865,2958,1,294.9486795734704,91,v1
RS04,letter,a,lowercase,3,attempt_3_proxy,20.910609361008884,89,,98,0,0.24412977549141665,0.4577253428694398,2339,1,571.0195448744236,79,v1
RS01,letter,h,lowercase,3,attempt_3_proxy,35.43677413843747,88,,97,0,0.08326385990585916,0.4061431557963498,6070,1,505.4116296285651,65,v1
RS04,letter,b,lowercase,3,attempt_3_proxy,37.81435069780589,88,,97,0,0.2904411511049491,0.5478484957919403,1506,1,437.40437356405334,64,v1
RS01,letter,C,uppercase,3,attempt_3_proxy,2.2276487345517815,92,,100,0,0.12137125253925878,0.7701335222498117,4141,1,502.5983567650706,96,v1
RS01,letter,S,uppercase,3,attempt_3_proxy,2.2348550546268986,89,,100,1,0.07096322852968945,0.4825331067321476,8032,1,569.9766515504657,92,v1
RS04,letter,B,uppercase,3,attempt_3_proxy,47.98743757216698,90,,98,0,0.2836326701413026,0.9945801313927377,2851,1,808.6367425728537,58,v1
RS03,letter,l,lowercase,3,attempt_3_proxy,49.57952044769265,87,,100,0,0.4234568774255373,0.7640161081140568,295,1,124.9197788405335,62,v1
RS06,letter,i,lowercase,3,attempt_3_proxy,3.1276581711480453,79,,96,0,0.21035084875708415,0.7050006092955616,1190,2,250.31751002093014,91,v1
RS01,letter,B,uppercase,3,attempt_3_proxy,23.404779147207577,92,,98,0,0.134113560591248,0.5016009209723097,5884,2,789.1241905189032,77,v1
RS02,letter,C,uppercase,3,attempt_3_proxy,2.166368405138632,93,,100,0,0.2019191580914596,0.9884547410035638,2400,1,484.60597941950306,96,v1
RS06,letter,b,lowercase,3,attempt_3_proxy,34.157715265158366,89,,99,0,0.12500576767114666,0.4880756024503913,4850,1,606.2779732050612,67,v1
RS01,letter,l,lowercase,3,attempt_3_proxy,41.08166184266823,88,,100,0,0.8178121379937623,0.8004993084638994,170,1,139.02806345893958,61,v1
RS03,letter,s,lowercase,3,attempt_3_proxy,2.1472881141351836,87,,100,0,0.07428309472050439,0.33416530812018064,4177,1,310.2804866475468,94,v1
RS06,letter,B,uppercase,3,attempt_3_proxy,24.687681794838696,88,,96,0,0.2036765948963335,0.8430729310725968,4037,2,822.2424135964983,75,v1
RS05,letter,i,lowercase,3,attempt_3_proxy,3.7132052346978677,54,,84,0,0.23023056500611405,0.4032824881130978,1315,2,302.75319298304,81,v1
RS05,letter,t,lowercase,3,attempt_3_proxy,9.17998771673607,84,,94,1,0.2684276413218275,0.4737516317224006,1212,2,325.3343012820549,83,v1
RS03,letter,l,lowercase,3,attempt_3_proxy,44.72960713894875,87,,100,0,0.2810938335505485,1.527572115676091,277,1,77.86299189350194,62,v1
RS05,letter,h,lowercase,3,attempt_3_proxy,33.32290941005517,80,,83,0,0.4492521815836361,1.2292236853732008,1197,3,537.7548613556124,63,v1
RS05,letter,C,uppercase,3,attempt_3_proxy,4.424879466111348,88,,98,0,0.17002650415940382,0.8888639455784966,3335,1,567.0383913716117,92,v1
RS03,letter,s,lowercase,3,attempt_3_proxy,42.40352901861549,95,,100,0,0.3082740845579444,0.5566947735871688,259,1,79.84298790050761,62,v1
RS05,letter,L,uppercase,3,attempt_3_proxy,6.304217105294306,82,,91,0,8.097837220596105,2.276486390076025,58,4,469.6745587945741,88,v1
RS03,letter,l,lowercase,3,attempt_3_proxy,48.005317097348424,76,,78,0,0.44286086704941113,0.6501463161641825,268,1,118.68671236924219,56,v1
RS05,letter,A,uppercase,3,attempt_3_proxy,19.351491098371145,82,,92,0,0.8729355133426555,1.0578143860578906,668,3,583.1209229128939,77,v1
RS03,letter,l,lowercase,3,attempt_3_proxy,3.675836761881217,96,,100,0,0.4121253532527444,0.6964763732232324,511,1,210.5960555121524,96,v1
RS03,letter,i,lowercase,3,attempt_3_proxy,5.787851473455397,67,,72,0,0.7380128293500566,1.0107806105622716,169,2,124.72416816015956,81,v1
RS03,letter,a,lowercase,3,attempt_3_proxy,2.808665155596759,89,,98,0,0.10153714344567168,0.6184861551793157,4429,1,449.70800832087986,94,v1
RS07,letter,a,lowercase,3,attempt_3_proxy,45.12354883467188,85,,95,0,0.3887345369504243,0.6028084626676458,1066,2,414.3910163891523,56,v1
RS07,letter,k,lowercase,3,attempt_3_proxy,14.403189763801768,82,,91,1,0.41720390172965016,0.5771808320826052,1235,3,515.246818636118,78,v1
RS03,letter,t,lowercase,3,attempt_3_proxy,5.95375449259935,82,,84,0,0.7448927243300328,1.0428511728244005,346,2,257.73288261819135,87,v1
RS03,letter,c,lowercase,3,attempt_3_proxy,3.344113999870984,90,,100,0,0.38403177682004885,0.5430118052722307,670,1,257.30129046943273,95,v1
RS03,letter,e,lowercase,3,attempt_3_proxy,11.360057860446506,89,,100,0,0.2680349351208987,0.6129232517505736,1337,1,358.3627082566416,87,v1
RS07,letter,K,uppercase,3,attempt_3_proxy,10.48082515099754,82,,95,0,0.42031900127687316,0.6676432963345548,1597,3,671.2494450391664,85,v1
RS07,letter,B,uppercase,3,attempt_3_proxy,25.07411027352426,87,,95,0,0.15794413162325932,1.324280548206453,5098,2,805.199183015376,74,v1
RS03,letter,l,lowercase,3,attempt_3_proxy,136.04895257828662,83,,100,0,0.24993374004550353,0.8025223050095526,350,1,87.47680901592624,61,v1
RS03,letter,l,lowercase,3,attempt_3_proxy,140.83335071873162,82,,100,0,0.19515471111802898,0.596620374008194,393,1,76.69580146938539,61,v1
RS03,letter,l,lowercase,3,attempt_3_proxy,141.48078556727978,88,,100,0,0.22355827572707287,0.4375095418385955,674,1,150.67827784004712,62,v1
RS03,letter,l,lowercase,3,attempt_3_proxy,2.6714243243466163,93,,100,0,0.35899182772946087,0.5126060002588716,586,1,210.36921104946407,96,v1
RS03,letter,l,lowercase,3,attempt_3_proxy,36.929012313757326,78,,100,0,0.24844485390087934,0.6414022832223055,233,1,57.887650958904885,66,v1
RS03,letter,u,lowercase,3,attempt_3_proxy,12.27448736888862,90,,100,0,0.343720928478286,1.4991724789134289,954,1,327.90976576828484,88,v1
RS03,letter,i,lowercase,3,attempt_3_proxy,7.608416330699869,94,,100,0,0.3393533642757407,1.088236105415122,218,1,73.97903341211148,93,v1
RS03,letter,l,lowercase,3,attempt_3_proxy,54.43024036992624,96,,100,0,0.45530314514773074,0.4867578033694221,293,1,133.4038215282851,64,v1
RS03,letter,I,uppercase,3,attempt_3_proxy,18.111834747531045,90,,100,0,0.5957818083361194,2.3249713845629523,380,1,226.39708716772535,82,v1
RS03,letter,l,lowercase,3,attempt_3_proxy,36.929012313757326,78,,100,0,0.24844485390087934,0.6414022832223055,233,1,57.887650958904885,66,v1
RS03,letter,O,uppercase,3,attempt_3_proxy,16.986375441700787,87,,100,0,0.9333804949856424,1.1433016542601977,737,1,687.9014248044184,75,v1
RS03,letter,l,lowercase,3,attempt_3_proxy,36.929012313757326,78,,100,0,0.24844485390087934,0.6414022832223055,233,1,57.887650958904885,66,v1
RS03,letter,e,lowercase,3,attempt_3_proxy,23.98672189981803,86,,100,0,0.42610960590668046,1.088952750854786,952,1,405.65634482315977,78,v1
RS03,letter,I,uppercase,3,attempt_3_proxy,7.670858790429554,96,,100,0,0.5272973449299674,1.2654030169867547,377,1,198.7910990385977,93,v1
RS03,letter,F,uppercase,3,attempt_3_proxy,26.512295760264735,89,,95,0,1.4832212042559687,1.072094480994205,305,3,452.3824672980704,66,v1
RS03,letter,l,lowercase,3,attempt_3_proxy,36.929012313757326,78,,100,0,0.24844485390087934,0.6414022832223055,233,1,57.887650958904885,66,v1
RS03,letter,l,lowercase,3,attempt_3_proxy,36.929012313757326,78,,100,0,0.24844485390087934,0.6414022832223055,233,1,57.887650958904885,66,v1
RS03,letter,O,uppercase,3,attempt_3_proxy,7.718361501459948,92,,100,0,0.46270913029567257,0.9393980401376708,1399,1,647.3300732836459,92,v1
RS03,letter,l,lowercase,3,attempt_3_proxy,36.929012313757326,78,,100,0,0.24844485390087934,0.6414022832223055,233,1,57.887650958904885,66,v1
RS03,letter,a,lowercase,3,attempt_3_proxy,8.032251088942582,89,,100,0,0.3344900860592828,0.6459357625586009,1149,1,384.329108882116,91,v1
RS03,letter,l,lowercase,3,attempt_3_proxy,36.929012313757326,78,,100,0,0.24844485390087934,0.6414022832223055,233,1,57.887650958904885,66,v1
RS03,letter,l,lowercase,3,attempt_3_proxy,36.929012313757326,78,,100,0,0.24844485390087934,0.6414022832223055,233,1,57.887650958904885,66,v1
RS03,letter,l,lowercase,3,attempt_3_proxy,36.929012313757326,78,,100,0,0.24844485390087934,0.6414022832223055,233,1,57.887650958904885,66,v1
RS03,letter,i,lowercase,3,attempt_3_proxy,88.6194162308256,86,,100,0,0.8234112085835467,1.112100497218651,73,2,60.109018226598906,55,v1
RS03,letter,z,lowercase,3,attempt_3_proxy,16.301132828305896,89,,100,0,0.534547130534782,0.6131067090942726,880,1,470.4014748706082,84,v1
RS03,letter,l,lowercase,3,attempt_3_proxy,36.929012313757326,78,,100,0,0.24844485390087934,0.6414022832223055,233,1,57.887650958904885,66,v1
RS03,letter,l,lowercase,3,attempt_3_proxy,4.735170101899249,96,,100,0,0.550445187330339,0.7998325440092726,364,1,200.3620481882434,94,v1
RS03,letter,l,lowercase,3,attempt_3_proxy,36.929012313757326,78,,100,0,0.24844485390087934,0.6414022832223055,233,1,57.887650958904885,66,v1
RS03,letter,k,lowercase,3,attempt_3_proxy,13.375704001242076,78,,90,0,1.1522641368146658,1.6269038230808484,348,3,400.9879196115037,73,v1
RS03,letter,c,lowercase,3,attempt_3_proxy,8.08404968153719,90,,100,0,0.378392515966225,0.6245980064409976,702,1,265.63154620828993,91,v1
RS03,letter,i,lowercase,3,attempt_3_proxy,174.24801670496373,95,,100,0,0.2724833993605737,0.45084640240081447,259,1,70.57320043438858,64,v1
RS03,letter,o,lowercase,3,attempt_3_proxy,115.36209514535217,80,,80,0,0.20252022140901943,0.6446354184265208,376,1,76.1476032497913,57,v1
RS03,letter,l,lowercase,3,attempt_3_proxy,36.929012313757326,78,,100,0,0.24844485390087934,0.6414022832223055,233,1,57.887650958904885,66,v1
RS03,letter,l,lowercase,3,attempt_3_proxy,36.929012313757326,78,,100,0,0.24844485390087934,0.6414022832223055,233,1,57.887650958904885,66,v1
RS03,letter,o,lowercase,3,attempt_3_proxy,8.202844514007088,90,,100,0,0.4145168431168466,0.8997404647603521,912,1,378.03936092256413,91,v1
RS03,letter,l,lowercase,3,attempt_3_proxy,36.929012313757326,78,,100,0,0.24844485390087934,0.6414022832223055,233,1,57.887650958904885,66,v1
RS03,letter,a,lowercase,3,attempt_3_proxy,8.654330215847207,89,,97,0,0.2465476967145195,0.49972714180677086,1540,1,379.68345294036004,90,v1
RS03,letter,l,lowercase,3,attempt_3_proxy,36.929012313757326,78,,100,0,0.24844485390087934,0.6414022832223055,233,1,57.887650958904885,66,v1
RS03,letter,l,lowercase,3,attempt_3_proxy,36.929012313757326,78,,100,0,0.24844485390087934,0.6414022832223055,233,1,57.887650958904885,66,v1
RS03,letter,l,lowercase,3,attempt_3_proxy,12.721645125109408,96,,100,0,0.4112152065260603,0.6345970013436654,527,1,216.71041383923378,91,v1
RS01,letter,t,lowercase,3,attempt_3_proxy,1.77600938061045,88,,96,0,0.19556414722651475,0.5786337209424156,1729,2,338.130410554644,94,v1
RS03,letter,l,lowercase,3,attempt_3_proxy,36.929012313757326,78,,100,0,0.24844485390087934,0.6414022832223055,233,1,57.887650958904885,66,v1
RS03,letter,l,lowercase,3,attempt_3_proxy,36.929012313757326,78,,100,0,0.24844485390087934,0.6414022832223055,233,1,57.887650958904885,66,v1
RS01,letter,a,lowercase,3,attempt_3_proxy,8.816010824090567,79,,96,0,0.0699351401889513,0.5223358051691827,6751,1,472.1321314156103,86,v1
RS03,letter,l,lowercase,3,attempt_3_proxy,36.929012313757326,78,,100,0,0.24844485390087934,0.6414022832223055,233,1,57.887650958904885,66,v1
RS01,letter,T,uppercase,3,attempt_3_proxy,31.99607210512702,85,,93,0,0.10314612661313927,0.7783904753000707,4843,1,499.53669118743346,67,v1
RS03,letter,l,lowercase,3,attempt_3_proxy,36.929012313757326,78,,100,0,0.24844485390087934,0.6414022832223055,233,1,57.887650958904885,66,v1
RS01,letter,A,uppercase,3,attempt_3_proxy,24.463005644453006,88,,97,0,0.3644506148577382,0.6989532861405594,1569,2,571.8230147117913,75,v1
RS03,letter,l,lowercase,3,attempt_3_proxy,36.929012313757326,78,,100,0,0.24844485390087934,0.6414022832223055,233,1,57.887650958904885,66,v1
RS01,letter,H,uppercase,3,attempt_3_proxy,10.420619629464312,89,,95,0,0.504609855671423,0.6455387860804777,1117,3,563.6492087849795,87,v1
RS03,letter,o,lowercase,3,attempt_3_proxy,5.15330976783659,86,,100,0,0.5247716681507795,0.9569456034081797,808,1,424.0155078658298,92,v1
RS01,letter,l,lowercase,3,attempt_3_proxy,2.671344937821247,97,,100,0,0.4118448793953754,0.5684554826438345,327,1,134.67327556228776,97,v1
RS03,letter,e,lowercase,3,attempt_3_proxy,8.739766937511888,90,,100,0,0.32966668120252995,0.7849544693237968,1015,1,334.6116814205679,90,v1
RS03,letter,u,lowercase,3,attempt_3_proxy,4.8266881581004055,90,,96,0,0.28760901689890717,0.47256776913538445,1153,1,331.61319648444,92,v1
RS03,letter,a,lowercase,3,attempt_3_proxy,3.9008393746608463,89,,96,0,0.2921830295770544,0.5091896951883432,1338,1,390.94089357409877,93,v1
RS03,letter,s,lowercase,3,attempt_3_proxy,45.13158405441095,98,,100,0,0.2497993970442455,0.5324731529236355,281,1,70.19363056943298,61,v1
RS01,letter,i,lowercase,3,attempt_3_proxy,31.633417747493628,90,,100,0,0.38351633923332723,0.7395145296355804,193,1,74.01865347203216,73,v1
RS03,letter,d,lowercase,3,attempt_3_proxy,48.94506749693542,90,,100,0,0.6793031296806238,0.7284631071256954,212,1,144.01226349229225,58,v1
RS03,letter,i,lowercase,3,attempt_3_proxy,27.500000000000018,85,,78,0,0.22947570078847584,0.8252297008414254,368,1,84.44705789015912,68,v1
RS01,letter,i,lowercase,3,attempt_3_proxy,36.961580244689856,91,,100,0,0.31261911632217265,0.5097115255272304,224,1,70.02668205616668,69,v1
RS01,letter,i,lowercase,3,attempt_3_proxy,44.488762850661715,93,,100,0,0.3821855099527159,0.9723960268172249,243,1,92.87107891850997,64,v1
RS03,letter,l,lowercase,3,attempt_3_proxy,44.865238346556524,87,,100,0,0.6665949433290518,0.7099392921190403,213,1,141.98472292908804,58,v1
RS04,letter,l,lowercase,3,attempt_3_proxy,2.479772402566468,97,,100,0,0.2777210730891719,0.6757734935268846,302,1,83.8717640729299,97,v1
RS02,letter,t,lowercase,3,attempt_3_proxy,15.158003454006852,85,,94,0,0.2685080983070377,0.3398299239997382,1172,2,314.6914912158482,82,v1
RS02,letter,o,lowercase,3,attempt_3_proxy,3.5109873449577904,92,,100,0,0.12337680642819349,0.41068602022085415,3066,1,378.27328850884123,95,v1
RS04,letter,l,lowercase,3,attempt_3_proxy,3.799781476253252,97,,100,0,0.43037070854103215,0.6360193669194294,262,1,112.75712563775042,96,v1
RS04,letter,i,lowercase,3,attempt_3_proxy,29.106217852708784,87,,100,0,0.45028147297890614,0.6409239832399692,267,1,120.22515328536794,74,v1
RS04,letter,i,lowercase,3,attempt_3_proxy,44.00835825016747,90,,100,0,0.4681756932990483,0.6058601400061563,233,1,109.08493653867825,63,v1
RS02,letter,B,uppercase,3,attempt_3_proxy,30.41766175995998,89,,96,0,0.3795144821499269,0.5770846149579206,2052,2,778.7637173716499,70,v1
RS03,letter,t,lowercase,3,attempt_3_proxy,1.2066086324823275,85,,96,0,0.15183752763836467,0.47256919128195357,2049,2,311.1150941310092,94,v1
RS03,letter,c,lowercase,3,attempt_3_proxy,2.3607847818762973,87,,100,0,0.06893591878318424,0.33523992165532296,4195,1,289.18617929545786,94,v1
RS03,letter,k,lowercase,3,attempt_3_proxy,2.680078631174966,86,,92,0,0.32883594986623194,0.39752555728019995,1430,3,470.23540830871167,92,v1
RS04,letter,i,lowercase,3,attempt_3_proxy,51.01188100461641,82,,82,0,0.5355512529060932,0.7431673201397345,304,1,162.80758088345232,57,v1
RS03,letter,b,lowercase,3,attempt_3_proxy,1.7570334842883786,89,,97,0,0.16232230921541763,0.5431515709811867,3360,2,545.4029589638033,95,v1
RS03,letter,h,lowercase,3,attempt_3_proxy,31.02887409762178,85,,97,0,0.38973458289387514,1.0154020744117425,1252,3,487.9476977831317,69,v1
RS03,letter,I,uppercase,3,attempt_3_proxy,6.36125961879426,80,,93,0,0.2926832730264742,0.4268119679307716,1480,3,433.1712440791818,88,v1
RS03,letter,C,uppercase,3,attempt_3_proxy,1.6041440381639243,88,,97,1,29.581342068160595,0.3689098387575418,18,2,532.4641572268907,91,v1
RS04,letter,i,lowercase,3,attempt_3_proxy,47.60497251870322,94,,100,0,0.4837645296741649,0.6376591275898776,268,1,129.6488939526762,64,v1
RS04,letter,l,lowercase,3,attempt_3_proxy,2.5550499682626566,83,,87,0,0.6088648438488066,0.7981840137965376,428,1,260.5941531672892,91,v1
RS04,letter,c,lowercase,3,attempt_3_proxy,3.0188717824411158,87,,97,0,0.15619446708248658,0.37974531745947687,1938,1,302.70487720585896,93,v1
RS04,letter,k,lowercase,3,attempt_3_proxy,25.659918668844806,88,,99,0,0.16363357142198548,0.4104280669331382,2978,2,487.3007756946728,74,v1
RS04,letter,I,uppercase,3,attempt_3_proxy,24.583721810769777,73,,82,0,0.6192359871434783,1.2037012502606186,812,3,502.81962156050434,68,v1
RS06,letter,s,lowercase,3,attempt_3_proxy,7.091139337722872,88,,100,0,0.1698488221049026,0.6554952109944204,2128,1,361.4382934392327,90,v1
RS04,letter,T,uppercase,3,attempt_3_proxy,51.727997823893446,76,,82,0,0.9230535141322328,1.527512739601956,478,3,441.2195797552073,51,v1
RS04,letter,A,uppercase,3,attempt_3_proxy,31.33683788131536,88,,99,0,0.6155235840722308,0.8298849291054616,995,2,612.4459661518697,69,v1
RS04,letter,K,uppercase,3,attempt_3_proxy,26.410203004780033,76,,82,0,0.720605609570145,0.8087721780872028,916,3,660.0747383662527,67,v1
RS04,letter,H,uppercase,3,attempt_3_proxy,34.99918584036871,76,,84,0,0.8242455700610573,1.0804904450307118,758,3,624.7781421062814,60,v1
RS06,letter,o,lowercase,3,attempt_3_proxy,44.80011501719004,87,,100,0,0.12392365440081858,0.3286081368960995,3193,1,395.68822850181374,58,v1
RS06,letter,c,lowercase,3,attempt_3_proxy,4.704800606998479,91,,100,0,0.1908887467083068,0.9712978791825516,1557,1,297.2137786248337,94,v1
RS06,letter,I,uppercase,3,attempt_3_proxy,10.546512770054765,90,,91,0,0.4598460632965044,0.46208688991932473,955,3,439.1529904481617,87,v1
RS06,letter,T,uppercase,3,attempt_3_proxy,38.58131127087723,90,,95,0,0.32663531194557566,0.40103413674763655,1219,3,398.1684452616567,63,v1
RS06,letter,O,uppercase,3,attempt_3_proxy,35.98653967459356,87,,95,0,0.0772308525160341,0.4590217579480386,9322,2,719.9460071544698,64,v1
RS06,letter,C,uppercase,3,attempt_3_proxy,2.1062067045769797,88,,100,0,0.10527961765747929,0.6045194793180999,5195,1,546.9276137306049,95,v1
RS06,letter,A,uppercase,3,attempt_3_proxy,15.281595970691983,78,,95,1,0.47646739543788613,1.2132497645342988,1295,3,617.0252770920625,76,v1
RS06,letter,K,uppercase,3,attempt_3_proxy,3.526164321928238,82,,96,0,0.48945555073348307,0.8434696252682259,1362,3,666.638460099004,91,v1
RS06,letter,H,uppercase,3,attempt_3_proxy,37.59288998847696,85,,86,0,8.497169584244748,3.094682671082066,103,4,875.2084671772091,61,v1
RS05,letter,l,lowercase,3,attempt_3_proxy,3.4770072939472874,84,,90,0,0.1564236342321619,0.5986122139198615,1560,1,244.0208694021726,91,v1
RS05,letter,S,uppercase,3,attempt_3_proxy,13.631608438902795,86,,98,2,0.18054788968864674,0.6322997472429644,5189,1,936.8629995943879,77,v1
RS05,letter,k,lowercase,3,attempt_3_proxy,2.8044389365285425,80,,90,0,0.48079083549574025,0.4544228972909053,1140,3,548.1015524651439,90,v1
RS05,letter,b,lowercase,3,attempt_3_proxy,3.942575020579449,87,,100,0,0.3230143278570016,0.552003916678156,1844,2,595.638420568311,93,v1
RS05,letter,O,uppercase,3,attempt_3_proxy,5.926947636176896,87,,98,0,0.2032272999585439,0.9710872390134658,3456,1,702.3535486567278,91,v1
RS05,letter,H,uppercase,3,attempt_3_proxy,8.88547182518065,77,,89,0,0.634746186981741,0.5583564339871483,1070,3,679.1784200704628,84,v1
RS07,letter,i,lowercase,3,attempt_3_proxy,3.7337556854202045,75,,90,0,0.1381157471417334,0.4933834940225733,1760,2,243.0837149694508,88,v1
RS07,letter,t,lowercase,3,attempt_3_proxy,34.7820533241132,85,,92,0,0.18343860249304605,0.3310344598595621,1706,3,312.94625585313656,65,v1
RS07,letter,o,lowercase,3,attempt_3_proxy,5.288344603184367,90,,100,0,0.09891441923678332,0.4105582388836569,4145,1,410.00026773646687,93,v1
RS07,letter,c,lowercase,3,attempt_3_proxy,6.101243250101093,86,,96,0,0.0897537664514934,0.5552773445235968,3580,1,321.3184838963464,90,v1
RS07,letter,h,lowercase,3,attempt_3_proxy,64.48564049644321,83,,95,0,0.22687525546684917,0.6198557089603699,2181,4,494.81493217319803,56,v1
RS07,letter,O,uppercase,3,attempt_3_proxy,3.6218545847789954,90,,99,0,0.14415739730707341,0.9444266021065294,4480,1,645.8251399356889,94,v1
RS03,letter,a,lowercase,3,attempt_3_proxy,8.267395905546028,89,,96,0,0.29535378761886716,0.5052789499129774,1253,1,370.07829588644057,89,v1
RS03,letter,i,lowercase,3,attempt_3_proxy,5.38134424583374,72,,79,0,1.771223146635049,0.7858805921547072,60,2,106.27338879810294,84,v1
RS03,letter,l,lowercase,3,attempt_3_proxy,18.388063729767474,87,,100,0,0.5553766127974712,0.6431327704694966,287,1,159.39308787287425,80,v1
RS03,letter,i,lowercase,3,attempt_3_proxy,38.136246288154226,83,,100,0,0.6686157620432445,0.4601366587064425,326,1,217.9687384260977,62,v1
RS03,letter,i,lowercase,3,attempt_3_proxy,40.95588059211808,83,,100,0,0.5576749526469675,0.5171793193908364,382,1,213.03183191114158,60,v1
RS03,letter,l,lowercase,3,attempt_3_proxy,43.54842740158868,90,,100,0,0.5805808629900294,0.5696368796364214,235,1,136.43650280265692,59,v1
RS02,letter,l,lowercase,3,attempt_3_proxy,1.7430344652444287,86,,95,0,0.05994781177337096,0.3651880175371655,3888,1,233.0770921748663,94,v1
RS02,letter,c,lowercase,3,attempt_3_proxy,1.8722852702121078,90,,100,0,0.09076693624593497,0.32717992071495156,3126,1,283.7374427047927,96,v1
RS02,letter,k,lowercase,3,attempt_3_proxy,13.461618068250415,87,,95,0,0.3048901043876931,0.7397854582284394,1591,3,485.0801560808197,84,v1
RS02,letter,b,lowercase,3,attempt_3_proxy,33.642660922960225,92,,99,0,0.1367796639468587,0.43134375717789103,4345,1,594.3076398491011,68,v1
RS02,letter,I,uppercase,3,attempt_3_proxy,53.60491560049319,81,,90,0,2.002087707559764,1.0235579534635515,302,5,604.6304876830487,54,v1
RS02,letter,L,uppercase,3,attempt_3_proxy,1.9586749816762437,91,,96,0,0.11386555436577615,0.28743878115558436,3078,1,350.478176337859,95,v1
RS02,letter,T,uppercase,3,attempt_3_proxy,18.083880160266602,90,,96,0,0.18136822987912515,1.332106030289031,2491,2,451.7882606289008,81,v1
RS02,letter,O,uppercase,3,attempt_3_proxy,2.6463697707524543,91,,100,0,0.1293594476662755,0.4787407844856913,5333,1,689.8739344042472,95,v1
RS02,letter,A,uppercase,3,attempt_3_proxy,33.802135057293384,90,,98,0,0.7491288741600898,0.7631374688197645,758,2,567.839686613348,68,v1
RS02,letter,K,uppercase,3,attempt_3_proxy,23.2927997100859,88,,93,0,0.349925282425127,0.7526872403481636,1656,2,579.4762676960103,75,v1
RS02,letter,H,uppercase,3,attempt_3_proxy,25.53299110918408,87,,88,0,1.3791220018602945,1.2153442309192664,438,3,604.055436814809,72,v1
RS03,letter,i,lowercase,3,attempt_3_proxy,1.8105081324630516,82,,95,1,0.13052424580865601,0.41956451804650513,980,2,127.9137608924829,89,v1
RS03,letter,l,lowercase,3,attempt_3_proxy,2.013767568466855,83,,95,1,0.04002160144875282,0.4630105004135265,5773,1,231.04470516365,90,v1
RS03,letter,L,uppercase,3,attempt_3_proxy,2.5900372554616693,88,,98,0,0.09886746759755002,0.5193685778073343,3569,1,352.85799185565605,94,v1
RS03,letter,T,uppercase,3,attempt_3_proxy,2.1107466475807355,85,,90,0,0.22542747926979242,0.40962436214351455,1772,2,399.45749326607216,92,v1
RS03,letter,O,uppercase,3,attempt_3_proxy,2.0586713833830417,90,,100,0,0.14237134774233134,0.493533390455068,4648,1,661.7420243063561,95,v1
RS02,letter,l,lowercase,3,attempt_3_proxy,1.9300547698875876,98,,100,0,0.27996441717364573,0.8141848569718269,844,1,236.289968094557,98,v1
RS03,letter,A,uppercase,3,attempt_3_proxy,43.850210137882435,81,,91,0,1.3676537214304352,0.641200086337255,614,5,839.7393849582871,55,v1
RS03,letter,K,uppercase,3,attempt_3_proxy,44.1468423617542,89,,96,0,0.17481317805066435,0.8857221258252238,4716,1,824.418947686933,58,v1
RS03,letter,B,uppercase,3,attempt_3_proxy,37.907792275568816,87,,95,0,0.17266430599477856,0.37068646756042833,5486,2,947.2363826873551,63,v1
RS03,letter,H,uppercase,3,attempt_3_proxy,43.818646761514465,88,,94,0,0.1692538630540023,0.925910093127698,4811,1,814.280335152805,58,v1
RS04,letter,i,lowercase,3,attempt_3_proxy,16.27808577041558,59,,68,0,0.48744065193917624,0.9139640533684178,332,2,161.8302964438065,69,v1
RS04,letter,t,lowercase,3,attempt_3_proxy,17.219110177228647,84,,92,0,0.4390064471232549,0.5765236367307476,835,2,366.5703833479178,79,v1
RS04,letter,i,lowercase,3,attempt_3_proxy,45.74386672414802,90,,100,0,0.5788825096316507,0.6172257484664753,221,1,127.9330346285948,61,v1
RS02,letter,t,lowercase,3,attempt_3_proxy,7.253784424813224,90,,95,0,0.42466123032528746,0.7209822048139546,691,2,293.44091015477363,91,v1
RS02,letter,o,lowercase,3,attempt_3_proxy,9.225429718919953,88,,100,0,0.497156432062418,1.0455245671567908,804,1,399.71377137818405,90,v1
RS02,letter,c,lowercase,3,attempt_3_proxy,6.915720012016429,90,,100,0,0.4032683686375604,0.47973330044552875,787,1,317.37220611776,92,v1